{
    "images": [
        {
            "id": "{07b5702f-4ad3-48e1-b840-0c14b3e2c68d}",
            "name": "QuickstartDown_WVGA",
            "type": "RGB"
        },
        {
            "id": "{b1f3e368-6e9e-4640-9b9d-08fbf74c6914}",
            "name": "QuickstartUp_WVGA",
            "type": "RGB"
        },
        {
            "id": "{2cf6af2c-e363-4ef3-81d5-c43b85b078e9}",
            "name": "MHGS_logo_WVGA",
            "type": "RGB"
        },
        {
            "id": "{3bbe0a65-a736-40e0-911f-5b0b89002f5d}",
            "name": "mchpLogo_light",
            "type": "RGB"
        },
        {
            "id": "{a4bfafd3-a8ba-4475-a683-5d09f79274ab}",
            "name": "Image0",
            "type": "RGB"
        },
        {
            "id": "{de8b3462-5435-4453-b867-3ea326b9cede}",
            "name": "up",
            "type": "RGB"
        },
        {
            "id": "{08718fe2-1c24-4a7d-ab92-9e1fd7f04f31}",
            "name": "up2",
            "type": "RGB"
        },
        {
            "id": "{662717f4-986b-4c94-92c9-5e370fadda36}",
            "name": "fan_auto",
            "type": "RGB"
        }
    ],
    "paths": [
    ]
}
